id,质量等级,AQI指数,当天AQI排名,PM2.5,PM10,So2,No2,Co,O3
0,中度污染,165.0,159.0,131.0,244.0,44.0,95.0,1.9,25.0
1,中度污染,193.0,161.0,158.0,286.0,75.0,126.0,2.31,20.0
2,严重污染,258.0,171.0,204.0,354.0,78.0,112.0,2.1,16.0
3,重度污染,217.0,175.0,169.0,282.0,58.0,78.0,1.71,12.0
4,严重污染,255.0,174.0,205.0,333.0,55.0,96.0,2.13,14.0
5,中度污染,165.0,91.0,129.0,209.0,52.0,67.0,1.25,42.0
6,轻度污染,104.0,82.0,77.0,110.0,24.0,55.0,1.03,18.0
7,良,77.0,96.0,56.0,68.0,15.0,38.0,1.03,34.0
8,良,65.0,53.0,40.0,79.0,25.0,44.0,0.7,32.0
9,轻度污染,112.0,107.0,84.0,141.0,42.0,70.0,0.93,24.0
10,轻度污染,126.0,107.0,96.0,145.0,48.0,75.0,1.19,14.0
11,中度污染,175.0,160.0,134.0,184.0,52.0,68.0,1.29,29.0
12,中度污染,156.0,159.0,122.0,182.0,45.0,61.0,0.98,19.0
13,良,98.0,72.0,73.0,124.0,51.0,75.0,0.93,20.0
14,轻度污染,110.0,64.0,82.0,133.0,43.0,74.0,0.75,33.0
15,轻度污染,121.0,64.0,91.0,148.0,43.0,89.0,1.07,25.0
16,中度污染,194.0,121.0,147.0,239.0,47.0,103.0,1.6,31.0
17,严重污染,349.0,181.0,299.0,395.0,70.0,80.0,2.07,27.0
18,严重污染,327.0,177.0,276.0,371.0,66.0,87.0,2.04,40.0
19,中度污染,189.0,150.0,122.0,263.0,42.0,59.0,1.05,41.0
20,良,90.0,102.0,46.0,128.0,45.0,59.0,0.8,35.0
21,良,83.0,43.0,58.0,111.0,44.0,73.0,0.83,33.0
22,轻度污染,120.0,87.0,90.0,150.0,47.0,95.0,1.32,29.0
23,重度污染,248.0,182.0,199.0,282.0,52.0,81.0,1.81,36.0
24,良,91.0,101.0,60.0,105.0,28.0,41.0,0.73,46.0
25,良,86.0,85.0,55.0,102.0,31.0,58.0,1.07,22.0
26,中度污染,171.0,153.0,129.0,190.0,38.0,65.0,1.43,31.0
27,轻度污染,123.0,125.0,92.0,129.0,19.0,43.0,1.32,27.0
28,严重污染,264.0,164.0,215.0,268.0,47.0,60.0,2.48,43.0
29,严重污染,294.0,154.0,247.0,312.0,24.0,43.0,1.97,43.0
30,重度污染,244.0,162.0,193.0,240.0,22.0,39.0,1.85,41.0
31,重度污染,220.0,134.0,171.0,263.0,14.0,40.0,2.36,30.0
32,轻度污染,144.0,164.0,85.0,178.0,10.0,28.0,1.37,44.0
33,良,56.0,90.0,28.0,62.0,17.0,20.0,0.59,68.0
34,优,39.0,59.0,23.0,36.0,12.0,23.0,0.7,53.0
35,优,23.0,10.0,13.0,17.0,8.0,27.0,0.67,43.0
36,良,54.0,93.0,37.0,42.0,12.0,29.0,0.84,54.0
37,轻度污染,109.0,160.0,81.0,99.0,31.0,26.0,0.92,65.0
38,良,84.0,152.0,61.0,79.0,20.0,19.0,0.79,59.0
39,良,58.0,106.0,40.0,57.0,22.0,22.0,0.6,54.0
40,良,83.0,97.0,61.0,83.0,33.0,35.0,0.77,52.0
41,良,75.0,58.0,54.0,77.0,23.0,46.0,0.74,42.0
42,良,93.0,96.0,69.0,91.0,20.0,37.0,0.97,61.0
43,轻度污染,128.0,111.0,97.0,133.0,32.0,53.0,1.19,57.0
44,轻度污染,142.0,110.0,107.0,150.0,40.0,61.0,1.35,48.0
45,良,84.0,80.0,62.0,80.0,19.0,56.0,0.97,22.0
46,优,50.0,42.0,35.0,47.0,9.0,39.0,0.87,32.0
47,良,69.0,97.0,48.0,58.0,10.0,34.0,0.76,48.0
48,轻度污染,105.0,123.0,78.0,103.0,19.0,40.0,0.75,54.0
49,轻度污染,122.0,117.0,92.0,127.0,25.0,59.0,1.09,44.0
50,中度污染,178.0,146.0,134.0,179.0,50.0,42.0,1.0,107.0
51,中度污染,177.0,141.0,134.0,181.0,50.0,65.0,1.22,60.0
52,轻度污染,125.0,98.0,94.0,138.0,42.0,55.0,1.15,62.0
53,轻度污染,142.0,87.0,107.0,152.0,40.0,59.0,1.09,55.0
54,良,63.0,55.0,46.0,57.0,17.0,67.0,0.81,22.0
55,良,63.0,37.0,45.0,64.0,16.0,60.0,0.72,38.0
56,轻度污染,124.0,154.0,94.0,135.0,24.0,79.0,1.25,14.0
57,良,61.0,78.0,43.0,53.0,20.0,50.0,0.83,23.0
58,良,56.0,66.0,37.0,60.0,16.0,47.0,0.55,44.0
59,轻度污染,119.0,142.0,90.0,144.0,41.0,67.0,0.81,48.0
60,轻度污染,107.0,122.0,74.0,134.0,37.0,49.0,0.88,71.0
61,良,77.0,101.0,54.0,92.0,22.0,57.0,0.74,44.0
62,良,89.0,128.0,64.0,106.0,29.0,47.0,0.64,60.0
63,良,73.0,116.0,50.0,92.0,31.0,48.0,0.63,55.0
64,良,90.0,142.0,63.0,114.0,41.0,62.0,0.74,44.0
65,良,91.0,118.0,67.0,102.0,28.0,48.0,0.55,68.0
66,良,96.0,114.0,72.0,126.0,29.0,77.0,0.89,48.0
67,轻度污染,134.0,131.0,102.0,176.0,37.0,73.0,0.98,79.0
68,中度污染,167.0,163.0,126.0,191.0,41.0,55.0,0.9,93.0
69,轻度污染,127.0,154.0,96.0,127.0,17.0,59.0,0.98,42.0
70,良,84.0,121.0,47.0,114.0,23.0,42.0,0.53,60.0
71,良,98.0,133.0,58.0,144.0,28.0,68.0,0.66,52.0
72,轻度污染,116.0,139.0,75.0,180.0,60.0,96.0,1.22,50.0
73,轻度污染,113.0,105.0,85.0,169.0,54.0,86.0,1.18,69.0
74,轻度污染,106.0,75.0,76.0,153.0,38.0,82.0,0.97,60.0
75,严重污染,288.0,172.0,118.0,382.0,49.0,87.0,1.14,68.0
76,中度污染,153.0,174.0,72.0,218.0,21.0,48.0,0.58,52.0
77,轻度污染,109.0,183.0,82.0,142.0,43.0,48.0,0.76,74.0
78,良,93.0,153.0,58.0,133.0,33.0,70.0,0.59,58.0
79,良,97.0,127.0,69.0,140.0,36.0,75.0,0.61,73.0
80,良,90.0,90.0,65.0,127.0,31.0,64.0,0.53,78.0
81,轻度污染,106.0,97.0,78.0,103.0,18.0,63.0,1.12,45.0
82,良,89.0,53.0,65.0,93.0,21.0,52.0,0.87,71.0
83,轻度污染,117.0,100.0,77.0,120.0,25.0,52.0,0.84,89.0
84,轻度污染,103.0,119.0,77.0,111.0,23.0,47.0,0.94,69.0
85,中度污染,159.0,158.0,120.0,174.0,24.0,62.0,1.32,27.0
86,良,99.0,108.0,67.0,124.0,21.0,52.0,0.68,65.0
87,良,73.0,61.0,45.0,95.0,33.0,54.0,0.67,83.0
88,轻度污染,115.0,149.0,86.0,141.0,28.0,59.0,0.83,75.0
89,轻度污染,106.0,145.0,77.0,142.0,28.0,56.0,0.84,84.0
90,良,85.0,121.0,60.0,113.0,27.0,46.0,0.65,79.0
91,良,91.0,118.0,49.0,132.0,34.0,65.0,0.6,79.0
92,轻度污染,101.0,147.0,57.0,152.0,28.0,68.0,0.64,64.0
93,良,65.0,57.0,23.0,80.0,23.0,35.0,0.42,84.0
94,良,80.0,83.0,45.0,109.0,36.0,57.0,0.75,71.0
95,轻度污染,104.0,94.0,78.0,124.0,21.0,63.0,0.84,70.0
96,轻度污染,130.0,133.0,91.0,155.0,29.0,67.0,0.89,99.0
97,轻度污染,134.0,153.0,87.0,160.0,34.0,67.0,0.78,115.0
98,轻度污染,135.0,175.0,102.0,183.0,55.0,103.0,1.21,20.0
99,良,57.0,41.0,38.0,51.0,10.0,40.0,0.57,58.0
100,优,46.0,19.0,22.0,35.0,10.0,27.0,0.41,93.0
101,轻度污染,101.0,119.0,75.0,126.0,27.0,41.0,0.72,131.0
102,良,96.0,113.0,64.0,115.0,22.0,43.0,0.51,104.0
103,良,85.0,128.0,62.0,91.0,16.0,46.0,0.65,71.0
104,良,96.0,117.0,72.0,100.0,10.0,56.0,0.83,46.0
105,良,86.0,116.0,63.0,99.0,10.0,51.0,0.74,44.0
106,优,47.0,37.0,30.0,39.0,6.0,36.0,0.56,75.0
107,良,65.0,77.0,45.0,73.0,17.0,55.0,0.5,50.0
108,良,100.0,142.0,75.0,107.0,22.0,65.0,0.9,34.0
109,良,86.0,122.0,58.0,95.0,21.0,55.0,0.64,75.0
110,良,90.0,99.0,53.0,105.0,24.0,54.0,0.64,94.0
111,良,88.0,110.0,50.0,96.0,19.0,41.0,0.62,112.0
112,良,59.0,57.0,27.0,54.0,9.0,22.0,0.45,103.0
113,良,69.0,110.0,49.0,75.0,6.0,33.0,0.75,37.0
114,良,93.0,149.0,69.0,99.0,9.0,30.0,0.78,33.0
115,良,70.0,96.0,46.0,76.0,15.0,35.0,0.68,79.0
116,良,93.0,127.0,55.0,118.0,21.0,60.0,0.79,85.0
117,轻度污染,112.0,144.0,67.0,160.0,28.0,82.0,0.89,82.0
118,轻度污染,131.0,154.0,91.0,190.0,35.0,72.0,1.12,117.0
119,轻度污染,142.0,184.0,71.0,234.0,33.0,67.0,0.86,71.0
120,良,99.0,150.0,46.0,146.0,27.0,46.0,0.64,104.0
121,良,97.0,181.0,59.0,141.0,29.0,72.0,0.9,48.0
122,良,97.0,180.0,47.0,130.0,31.0,61.0,0.66,90.0
123,轻度污染,110.0,169.0,57.0,135.0,27.0,58.0,0.68,123.0
124,良,100.0,149.0,59.0,146.0,37.0,55.0,0.89,104.0
125,轻度污染,126.0,175.0,81.0,191.0,31.0,63.0,0.89,116.0
126,轻度污染,102.0,144.0,63.0,150.0,28.0,48.0,0.79,109.0
127,良,72.0,148.0,51.0,82.0,12.0,30.0,0.59,74.0
128,良,61.0,125.0,42.0,63.0,6.0,31.0,0.73,65.0
129,轻度污染,110.0,179.0,69.0,134.0,25.0,64.0,1.08,79.0
130,轻度污染,112.0,170.0,70.0,146.0,24.0,64.0,0.86,105.0
131,轻度污染,119.0,165.0,83.0,151.0,21.0,49.0,1.0,98.0
132,轻度污染,123.0,181.0,70.0,194.0,28.0,45.0,0.87,125.0
133,轻度污染,142.0,178.0,87.0,220.0,28.0,76.0,1.11,115.0
134,轻度污染,102.0,125.0,75.0,142.0,30.0,79.0,0.87,50.0
135,轻度污染,129.0,169.0,95.0,156.0,32.0,55.0,0.92,63.0
136,轻度污染,109.0,138.0,82.0,136.0,30.0,53.0,1.03,61.0
137,轻度污染,144.0,166.0,105.0,166.0,14.0,51.0,1.01,106.0
138,中度污染,193.0,183.0,140.0,234.0,29.0,68.0,1.24,148.0
139,轻度污染,143.0,163.0,84.0,146.0,27.0,34.0,0.66,147.0
140,良,82.0,110.0,37.0,84.0,19.0,29.0,0.43,114.0
141,良,74.0,135.0,46.0,80.0,17.0,46.0,0.62,64.0
142,轻度污染,109.0,119.0,81.0,108.0,8.0,38.0,0.86,53.0
143,轻度污染,147.0,152.0,91.0,224.0,23.0,60.0,0.8,106.0
144,重度污染,202.0,184.0,128.0,323.0,27.0,57.0,1.02,122.0
145,中度污染,189.0,188.0,133.0,274.0,28.0,77.0,0.98,139.0
146,重度污染,204.0,185.0,154.0,310.0,35.0,87.0,1.21,117.0
147,严重污染,265.0,188.0,216.0,333.0,29.0,61.0,1.42,104.0
148,轻度污染,138.0,139.0,101.0,159.0,18.0,30.0,0.82,108.0
149,良,73.0,102.0,53.0,66.0,11.0,29.0,0.7,35.0
150,良,51.0,54.0,35.0,48.0,7.0,18.0,0.55,62.0
151,良,65.0,94.0,45.0,66.0,12.0,25.0,0.49,84.0
152,良,98.0,157.0,73.0,109.0,20.0,45.0,0.64,97.0
153,轻度污染,124.0,175.0,87.0,140.0,25.0,59.0,0.86,93.0
154,中度污染,189.0,187.0,144.0,203.0,29.0,58.0,1.04,139.0
155,中度污染,200.0,188.0,153.0,209.0,30.0,51.0,1.04,145.0
156,中度污染,194.0,188.0,144.0,197.0,32.0,40.0,0.93,187.0
157,轻度污染,112.0,166.0,80.0,115.0,16.0,24.0,0.53,127.0
158,轻度污染,104.0,160.0,76.0,124.0,33.0,46.0,0.66,86.0
159,轻度污染,108.0,166.0,75.0,125.0,32.0,52.0,0.77,94.0
160,轻度污染,107.0,142.0,71.0,118.0,28.0,50.0,0.59,100.0
161,轻度污染,129.0,154.0,88.0,153.0,34.0,73.0,0.95,129.0
162,轻度污染,141.0,156.0,102.0,172.0,34.0,67.0,1.01,141.0
163,中度污染,194.0,182.0,148.0,195.0,29.0,73.0,1.13,81.0
164,轻度污染,117.0,126.0,88.0,112.0,16.0,57.0,0.71,34.0
165,良,61.0,71.0,43.0,60.0,5.0,27.0,0.61,55.0
166,轻度污染,104.0,156.0,77.0,106.0,10.0,38.0,0.8,71.0
167,轻度污染,124.0,170.0,94.0,130.0,16.0,35.0,0.76,110.0
168,轻度污染,138.0,187.0,103.0,150.0,14.0,41.0,0.9,45.0
169,轻度污染,130.0,189.0,97.0,134.0,10.0,39.0,0.62,21.0
170,良,91.0,161.0,67.0,97.0,15.0,35.0,0.82,68.0
171,良,98.0,169.0,71.0,110.0,17.0,41.0,0.76,83.0
172,轻度污染,116.0,165.0,83.0,128.0,19.0,42.0,0.8,116.0
173,良,87.0,149.0,64.0,89.0,12.0,38.0,0.71,68.0
174,良,58.0,83.0,40.0,47.0,7.0,46.0,0.95,22.0
175,良,77.0,143.0,55.0,72.0,7.0,34.0,0.52,62.0
176,轻度污染,123.0,177.0,92.0,126.0,21.0,51.0,1.11,75.0
177,重度污染,216.0,189.0,166.0,225.0,24.0,74.0,1.45,77.0
178,中度污染,174.0,182.0,136.0,185.0,16.0,47.0,0.89,83.0
179,轻度污染,114.0,152.0,85.0,103.0,10.0,39.0,0.8,54.0
180,良,75.0,124.0,54.0,64.0,7.0,36.0,1.0,40.0
181,轻度污染,123.0,174.0,92.0,123.0,14.0,45.0,1.0,87.0
182,中度污染,155.0,185.0,117.0,147.0,17.0,53.0,1.1,64.0
183,优,45.0,40.0,27.0,38.0,7.0,32.0,0.53,59.0
184,优,46.0,40.0,28.0,42.0,7.0,28.0,0.49,68.0
185,良,71.0,97.0,48.0,74.0,12.0,53.0,0.59,56.0
186,轻度污染,121.0,162.0,90.0,123.0,14.0,46.0,0.75,80.0
187,良,85.0,146.0,62.0,86.0,16.0,40.0,0.63,36.0
188,轻度污染,101.0,159.0,71.0,108.0,12.0,38.0,0.74,91.0
189,轻度污染,144.0,164.0,108.0,160.0,9.0,47.0,0.98,85.0
190,轻度污染,108.0,152.0,80.0,102.0,6.0,37.0,0.89,62.0
191,良,79.0,142.0,57.0,79.0,9.0,26.0,0.91,97.0
192,良,85.0,116.0,58.0,92.0,23.0,41.0,0.99,67.0
193,良,61.0,91.0,37.0,68.0,16.0,36.0,0.69,74.0
194,优,35.0,33.0,18.0,34.0,13.0,25.0,0.61,30.0
195,优,48.0,48.0,26.0,54.0,17.0,44.0,0.83,28.0
196,轻度污染,133.0,181.0,100.0,146.0,23.0,63.0,1.19,62.0
197,轻度污染,114.0,176.0,78.0,114.0,17.0,36.0,0.91,100.0
198,轻度污染,107.0,177.0,66.0,97.0,14.0,33.0,0.74,103.0
199,轻度污染,107.0,182.0,72.0,109.0,16.0,29.0,0.84,122.0
200,轻度污染,108.0,181.0,68.0,104.0,15.0,27.0,0.78,136.0
201,良,70.0,138.0,36.0,66.0,11.0,20.0,0.59,92.0
202,良,59.0,98.0,31.0,66.0,9.0,20.0,0.65,57.0
203,良,80.0,149.0,58.0,71.0,3.0,14.0,0.7,39.0
204,中度污染,168.0,185.0,127.0,159.0,12.0,39.0,0.9,43.0
205,良,66.0,64.0,47.0,61.0,9.0,28.0,0.97,47.0
206,良,82.0,97.0,59.0,80.0,13.0,28.0,0.95,83.0
207,轻度污染,130.0,174.0,98.0,127.0,14.0,35.0,1.15,77.0
208,良,95.0,172.0,69.0,98.0,23.0,26.0,0.94,87.0
209,良,61.0,91.0,37.0,59.0,9.0,30.0,0.67,54.0
210,优,36.0,55.0,19.0,36.0,7.0,19.0,0.43,13.0
211,良,57.0,98.0,37.0,50.0,14.0,18.0,0.7,34.0
212,良,81.0,132.0,59.0,85.0,13.0,24.0,0.62,53.0
213,轻度污染,127.0,168.0,95.0,125.0,20.0,40.0,0.9,70.0
214,轻度污染,124.0,186.0,93.0,123.0,20.0,32.0,1.06,63.0
215,良,91.0,178.0,67.0,95.0,14.0,36.0,0.9,47.0
216,良,67.0,131.0,48.0,69.0,6.0,24.0,0.58,21.0
217,优,36.0,26.0,25.0,32.0,5.0,21.0,0.43,17.0
218,良,57.0,78.0,40.0,53.0,5.0,18.0,0.6,34.0
219,良,87.0,128.0,64.0,95.0,10.0,37.0,0.93,36.0
220,良,90.0,153.0,65.0,120.0,17.0,34.0,0.95,43.0
221,良,51.0,76.0,29.0,60.0,8.0,32.0,0.76,35.0
222,优,36.0,30.0,19.0,29.0,4.0,24.0,0.61,39.0
223,良,61.0,72.0,41.0,55.0,12.0,39.0,1.04,37.0
224,良,70.0,92.0,50.0,68.0,12.0,31.0,1.02,42.0
225,优,35.0,12.0,23.0,33.0,5.0,26.0,0.45,40.0
226,优,33.0,14.0,22.0,30.0,6.0,41.0,0.62,21.0
227,优,35.0,30.0,23.0,33.0,7.0,36.0,0.64,30.0
228,良,51.0,56.0,36.0,51.0,13.0,38.0,0.75,26.0
229,良,57.0,41.0,39.0,53.0,8.0,35.0,0.79,40.0
230,良,66.0,81.0,47.0,56.0,14.0,43.0,0.91,38.0
231,优,49.0,55.0,34.0,42.0,9.0,22.0,0.82,29.0
232,良,61.0,88.0,43.0,55.0,8.0,18.0,0.91,51.0
233,良,77.0,113.0,54.0,76.0,15.0,35.0,1.07,50.0
234,优,46.0,44.0,32.0,41.0,6.0,24.0,0.62,46.0
235,良,56.0,71.0,38.0,54.0,14.0,33.0,0.8,21.0
236,优,40.0,23.0,24.0,37.0,6.0,34.0,0.71,19.0
237,优,46.0,40.0,31.0,43.0,8.0,38.0,0.71,33.0
238,优,42.0,34.0,29.0,38.0,9.0,34.0,0.82,19.0
239,优,41.0,38.0,23.0,42.0,8.0,23.0,0.59,27.0
240,良,57.0,129.0,39.0,60.0,11.0,27.0,0.89,28.0
241,良,56.0,134.0,39.0,53.0,5.0,15.0,0.63,72.0
242,良,95.0,170.0,70.0,93.0,13.0,38.0,0.96,90.0
243,轻度污染,143.0,185.0,108.0,146.0,19.0,47.0,1.2,98.0
244,轻度污染,118.0,171.0,88.0,125.0,18.0,37.0,0.97,92.0
245,良,93.0,135.0,65.0,103.0,18.0,34.0,0.97,97.0
246,良,95.0,147.0,70.0,98.0,14.0,37.0,1.02,65.0
247,轻度污染,104.0,174.0,78.0,114.0,23.0,45.0,1.17,45.0
248,良,86.0,153.0,63.0,97.0,19.0,51.0,0.89,21.0
249,良,63.0,114.0,33.0,68.0,16.0,45.0,0.74,57.0
250,优,37.0,35.0,22.0,36.0,11.0,45.0,0.51,40.0
251,优,39.0,48.0,25.0,37.0,7.0,37.0,0.58,36.0
252,良,59.0,127.0,34.0,66.0,11.0,36.0,0.6,48.0
253,良,54.0,128.0,22.0,56.0,15.0,31.0,0.57,54.0
254,良,70.0,162.0,46.0,82.0,13.0,32.0,0.6,75.0
255,良,70.0,168.0,37.0,88.0,22.0,41.0,0.75,36.0
256,优,46.0,67.0,29.0,45.0,6.0,36.0,0.54,42.0
257,良,68.0,104.0,48.0,69.0,9.0,42.0,0.81,42.0
258,良,79.0,142.0,55.0,87.0,12.0,51.0,0.79,56.0
259,良,60.0,95.0,30.0,64.0,10.0,39.0,0.39,56.0
260,良,55.0,69.0,28.0,59.0,9.0,26.0,0.37,68.0
261,良,51.0,71.0,29.0,51.0,6.0,20.0,0.5,60.0
262,良,66.0,121.0,44.0,78.0,12.0,34.0,0.62,77.0
263,良,90.0,134.0,65.0,118.0,20.0,61.0,0.85,59.0
264,轻度污染,111.0,152.0,83.0,133.0,18.0,44.0,0.81,68.0
265,轻度污染,142.0,170.0,107.0,173.0,20.0,69.0,1.08,57.0
266,良,99.0,157.0,69.0,110.0,11.0,27.0,0.65,82.0
267,优,44.0,38.0,26.0,39.0,3.0,20.0,0.65,43.0
268,良,56.0,118.0,31.0,63.0,5.0,22.0,0.34,64.0
269,良,61.0,90.0,31.0,70.0,11.0,43.0,0.45,50.0
270,良,79.0,125.0,55.0,97.0,8.0,48.0,0.82,50.0
271,轻度污染,111.0,169.0,83.0,129.0,12.0,48.0,0.84,61.0
272,良,65.0,100.0,33.0,79.0,18.0,55.0,0.46,40.0
273,良,75.0,121.0,46.0,97.0,15.0,46.0,0.55,66.0
274,轻度污染,113.0,175.0,81.0,122.0,15.0,37.0,0.78,79.0
275,良,72.0,44.0,45.0,89.0,14.0,51.0,0.51,70.0
276,良,77.0,59.0,48.0,96.0,15.0,46.0,0.67,81.0
277,良,76.0,75.0,53.0,98.0,17.0,45.0,0.62,67.0
278,良,72.0,67.0,47.0,89.0,14.0,46.0,0.47,70.0
279,良,72.0,71.0,45.0,85.0,13.0,48.0,0.49,64.0
280,良,72.0,124.0,48.0,87.0,10.0,26.0,0.47,88.0
281,良,71.0,131.0,32.0,90.0,15.0,23.0,0.41,59.0
282,良,87.0,106.0,59.0,120.0,24.0,52.0,0.7,59.0
283,轻度污染,123.0,115.0,92.0,165.0,22.0,83.0,0.98,60.0
284,中度污染,176.0,183.0,133.0,231.0,31.0,106.0,1.28,22.0
285,轻度污染,109.0,115.0,74.0,160.0,26.0,51.0,0.87,80.0
286,良,87.0,69.0,50.0,121.0,19.0,40.0,0.54,74.0
287,良,80.0,97.0,52.0,104.0,16.0,46.0,0.65,68.0
288,中度污染,166.0,169.0,125.0,220.0,32.0,99.0,1.4,37.0
289,轻度污染,104.0,133.0,78.0,106.0,7.0,35.0,0.91,37.0
290,轻度污染,137.0,164.0,104.0,148.0,14.0,48.0,1.03,56.0
291,中度污染,154.0,161.0,116.0,180.0,19.0,75.0,1.17,46.0
292,轻度污染,129.0,147.0,95.0,152.0,21.0,66.0,0.92,64.0
293,轻度污染,108.0,130.0,80.0,140.0,22.0,79.0,0.99,43.0
294,轻度污染,136.0,161.0,102.0,173.0,34.0,89.0,1.28,55.0
295,轻度污染,101.0,130.0,62.0,129.0,11.0,42.0,0.67,58.0
296,良,86.0,125.0,46.0,120.0,21.0,56.0,0.77,39.0
297,良,72.0,104.0,51.0,81.0,11.0,51.0,0.79,31.0
298,良,72.0,98.0,52.0,67.0,6.0,45.0,0.87,9.0
299,良,62.0,87.0,44.0,55.0,4.0,34.0,0.91,8.0
300,良,91.0,120.0,67.0,92.0,8.0,35.0,1.06,13.0
301,轻度污染,143.0,189.0,103.0,148.0,25.0,31.0,0.84,43.0
302,良,78.0,134.0,50.0,102.0,29.0,64.0,0.89,30.0
303,轻度污染,102.0,145.0,74.0,135.0,30.0,77.0,0.74,34.0
304,中度污染,174.0,184.0,133.0,190.0,25.0,73.0,0.93,41.0
305,轻度污染,129.0,145.0,97.0,140.0,23.0,46.0,0.91,55.0
306,良,88.0,140.0,59.0,111.0,16.0,47.0,0.7,43.0
307,良,64.0,94.0,44.0,63.0,10.0,53.0,0.59,23.0
308,良,70.0,91.0,45.0,80.0,15.0,60.0,0.66,17.0
309,轻度污染,135.0,122.0,102.0,165.0,30.0,74.0,1.14,25.0
310,中度污染,194.0,177.0,145.0,214.0,35.0,73.0,1.58,26.0
311,中度污染,174.0,179.0,132.0,193.0,20.0,53.0,1.22,32.0
312,良,85.0,143.0,45.0,117.0,24.0,61.0,0.73,22.0
313,轻度污染,112.0,154.0,83.0,159.0,29.0,77.0,0.99,29.0
314,轻度污染,109.0,119.0,80.0,139.0,26.0,65.0,0.89,44.0
315,轻度污染,112.0,109.0,84.0,125.0,17.0,52.0,1.0,43.0
316,轻度污染,124.0,132.0,93.0,132.0,27.0,52.0,0.89,47.0
317,良,98.0,94.0,72.0,126.0,26.0,69.0,0.87,23.0
318,轻度污染,114.0,107.0,85.0,138.0,31.0,71.0,1.16,29.0
319,中度污染,163.0,153.0,123.0,178.0,20.0,82.0,1.31,28.0
320,中度污染,156.0,121.0,118.0,182.0,29.0,91.0,1.65,19.0
321,严重污染,252.0,167.0,203.0,274.0,26.0,84.0,1.77,47.0
322,轻度污染,148.0,136.0,113.0,159.0,15.0,48.0,0.99,27.0
323,优,41.0,20.0,25.0,37.0,5.0,29.0,0.51,37.0
324,良,82.0,115.0,55.0,108.0,11.0,42.0,1.07,19.0
325,良,79.0,86.0,48.0,106.0,15.0,49.0,0.99,26.0
326,良,75.0,103.0,48.0,99.0,16.0,67.0,1.14,16.0
327,良,67.0,73.0,45.0,80.0,9.0,44.0,1.36,24.0
328,良,73.0,79.0,40.0,95.0,15.0,56.0,1.31,10.0
329,优,49.0,46.0,26.0,52.0,9.0,40.0,1.16,13.0
330,轻度污染,113.0,181.0,33.0,173.0,22.0,34.0,0.66,30.0
331,良,75.0,128.0,19.0,98.0,18.0,43.0,0.43,19.0
332,良,83.0,122.0,57.0,113.0,22.0,66.0,1.1,5.0
333,良,92.0,147.0,61.0,133.0,31.0,47.0,0.83,22.0
334,良,90.0,128.0,60.0,128.0,33.0,61.0,1.19,18.0
335,良,80.0,84.0,51.0,108.0,27.0,68.0,1.16,17.0
336,轻度污染,126.0,154.0,94.0,177.0,48.0,75.0,1.36,16.0
337,轻度污染,112.0,114.0,81.0,155.0,42.0,55.0,1.21,26.0
338,良,67.0,47.0,40.0,80.0,19.0,42.0,0.82,29.0
339,良,80.0,62.0,56.0,99.0,17.0,47.0,1.0,8.0
340,中度污染,152.0,179.0,99.0,246.0,39.0,52.0,1.39,15.0
341,轻度污染,114.0,165.0,63.0,177.0,32.0,50.0,0.95,21.0
342,良,77.0,67.0,36.0,102.0,20.0,50.0,0.84,25.0
343,良,86.0,57.0,53.0,120.0,26.0,65.0,1.12,21.0
344,轻度污染,120.0,99.0,90.0,172.0,42.0,81.0,1.41,10.0
345,良,94.0,152.0,29.0,135.0,29.0,31.0,0.57,31.0
346,良,73.0,98.0,26.0,94.0,19.0,49.0,0.74,22.0
347,良,86.0,81.0,48.0,120.0,38.0,63.0,1.0,26.0
348,良,80.0,62.0,50.0,108.0,30.0,66.0,1.03,14.0
349,良,93.0,131.0,61.0,128.0,28.0,53.0,1.02,17.0
350,良,76.0,88.0,44.0,100.0,31.0,40.0,0.82,25.0
351,良,94.0,102.0,59.0,133.0,35.0,64.0,1.16,14.0
352,轻度污染,112.0,91.0,81.0,152.0,42.0,82.0,1.23,8.0
353,轻度污染,141.0,115.0,107.0,170.0,32.0,77.0,1.33,21.0
354,轻度污染,106.0,99.0,75.0,123.0,21.0,55.0,1.11,20.0
355,良,69.0,56.0,45.0,87.0,20.0,58.0,0.75,19.0
356,良,78.0,59.0,54.0,100.0,25.0,65.0,0.93,12.0
357,轻度污染,132.0,110.0,100.0,173.0,26.0,68.0,1.33,28.0
358,轻度污染,145.0,113.0,109.0,180.0,29.0,66.0,1.7,21.0
359,轻度污染,126.0,113.0,95.0,161.0,34.0,77.0,1.89,15.0
360,轻度污染,138.0,472.0,103.0,199.0,42.0,52.0,1.38,26.0
361,良,78.0,184.0,37.0,104.0,38.0,47.0,0.93,21.0
362,良,99.0,399.0,66.0,146.0,51.0,71.0,1.37,10.0
363,轻度污染,140.0,239.0,105.0,189.0,56.0,83.0,1.6,10.0
364,中度污染,160.0,211.0,121.0,205.0,52.0,98.0,1.86,27.0
365,重度污染,210.0,294.0,161.0,249.0,56.0,110.0,2.13,5.0
366,中度污染,156.0,370.0,114.0,175.0,27.0,43.0,1.35,21.0
367,良,76.0,169.0,46.0,99.0,21.0,42.0,0.84,29.0
368,轻度污染,132.0,276.0,99.0,181.0,39.0,80.0,1.49,18.0
369,中度污染,164.0,281.0,124.0,214.0,53.0,98.0,2.06,21.0
370,中度污染,159.0,260.0,120.0,202.0,38.0,107.0,1.9,23.0
371,中度污染,170.0,295.0,130.0,209.0,50.0,100.0,1.97,28.0
372,良,70.0,142.0,41.0,81.0,21.0,46.0,0.72,22.0
373,良,68.0,140.0,44.0,72.0,20.0,55.0,0.84,13.0
374,良,52.0,81.0,36.0,51.0,7.0,42.0,0.61,20.0
375,良,67.0,96.0,48.0,68.0,7.0,37.0,0.75,33.0
376,轻度污染,134.0,230.0,101.0,146.0,20.0,52.0,1.12,31.0
377,轻度污染,134.0,264.0,101.0,160.0,26.0,53.0,1.32,32.0
378,轻度污染,107.0,192.0,79.0,137.0,26.0,58.0,1.12,35.0
379,轻度污染,117.0,263.0,69.0,178.0,27.0,80.0,1.17,19.0
380,轻度污染,109.0,227.0,74.0,165.0,34.0,77.0,1.18,24.0
381,中度污染,159.0,316.0,121.0,209.0,33.0,70.0,1.51,22.0
382,中度污染,157.0,311.0,118.0,166.0,35.0,58.0,1.64,22.0
383,中度污染,165.0,275.0,125.0,183.0,33.0,83.0,1.53,16.0
384,重度污染,240.0,339.0,189.0,275.0,46.0,118.0,2.06,7.0
385,重度污染,234.0,325.0,184.0,239.0,21.0,71.0,1.8,6.0
386,严重污染,281.0,346.0,230.0,282.0,18.0,60.0,2.04,7.0
387,轻度污染,111.0,284.0,79.0,101.0,12.0,32.0,0.85,32.0
388,良,51.0,157.0,33.0,49.0,8.0,35.0,0.51,24.0
389,优,46.0,84.0,32.0,39.0,6.0,39.0,0.73,26.0
390,轻度污染,122.0,311.0,91.0,114.0,25.0,44.0,1.09,29.0
391,良,60.0,125.0,37.0,65.0,16.0,41.0,0.78,32.0
392,良,54.0,78.0,29.0,58.0,19.0,42.0,0.7,27.0
393,良,93.0,181.0,69.0,106.0,20.0,55.0,0.96,7.0
394,轻度污染,114.0,206.0,85.0,125.0,20.0,50.0,1.0,12.0
395,中度污染,189.0,321.0,145.0,188.0,41.0,51.0,1.43,42.0
396,良,82.0,182.0,52.0,101.0,34.0,48.0,1.13,34.0
397,良,80.0,116.0,55.0,107.0,30.0,72.0,1.29,23.0
398,轻度污染,106.0,217.0,79.0,136.0,39.0,74.0,1.53,30.0
399,良,79.0,197.0,38.0,99.0,17.0,32.0,0.86,44.0
400,良,63.0,100.0,33.0,74.0,18.0,53.0,0.77,33.0
401,良,71.0,87.0,45.0,91.0,32.0,76.0,1.27,20.0
402,良,100.0,171.0,72.0,139.0,41.0,60.0,1.32,52.0
403,重度污染,209.0,342.0,162.0,249.0,71.0,74.0,1.84,47.0
404,中度污染,172.0,306.0,133.0,196.0,30.0,60.0,1.58,58.0
405,轻度污染,142.0,246.0,107.0,160.0,22.0,61.0,1.56,61.0
406,良,87.0,145.0,64.0,82.0,12.0,40.0,1.34,44.0
407,轻度污染,132.0,250.0,99.0,130.0,11.0,29.0,1.62,64.0
408,重度污染,202.0,355.0,157.0,238.0,15.0,39.0,1.68,76.0
409,良,94.0,206.0,65.0,122.0,16.0,31.0,1.12,69.0
410,优,49.0,24.0,29.0,50.0,14.0,18.0,0.77,79.0
411,优,32.0,6.0,18.0,30.0,6.0,24.0,0.83,47.0
412,良,66.0,175.0,47.0,56.0,5.0,19.0,0.98,27.0
413,中度污染,162.0,308.0,123.0,148.0,16.0,29.0,1.3,45.0
414,轻度污染,115.0,315.0,85.0,124.0,12.0,29.0,1.34,52.0
415,良,88.0,239.0,63.0,109.0,9.0,25.0,1.24,53.0
416,良,60.0,162.0,42.0,60.0,6.0,38.0,1.13,35.0
417,轻度污染,118.0,326.0,87.0,133.0,12.0,39.0,1.21,41.0
418,优,47.0,159.0,27.0,49.0,10.0,28.0,0.81,60.0
419,优,27.0,38.0,14.0,24.0,5.0,28.0,0.54,47.0
420,良,67.0,207.0,48.0,68.0,11.0,27.0,0.83,60.0
421,良,83.0,223.0,60.0,87.0,16.0,48.0,1.05,51.0
422,轻度污染,102.0,275.0,72.0,136.0,20.0,44.0,1.17,47.0
423,良,61.0,208.0,22.0,71.0,14.0,31.0,0.68,55.0
424,良,52.0,138.0,20.0,54.0,13.0,29.0,0.62,49.0
425,良,52.0,110.0,33.0,52.0,14.0,34.0,0.68,42.0
426,良,79.0,201.0,57.0,81.0,13.0,41.0,1.02,35.0
427,良,69.0,169.0,49.0,71.0,16.0,45.0,0.99,36.0
428,良,84.0,246.0,60.0,83.0,8.0,30.0,0.94,42.0
429,良,55.0,129.0,22.0,58.0,14.0,32.0,0.85,55.0
430,良,72.0,193.0,47.0,91.0,27.0,62.0,1.2,40.0
431,轻度污染,106.0,267.0,78.0,148.0,57.0,64.0,1.76,63.0
432,轻度污染,102.0,251.0,74.0,139.0,38.0,80.0,1.87,33.0
433,中度污染,182.0,345.0,140.0,196.0,25.0,72.0,1.74,35.0
434,轻度污染,128.0,270.0,96.0,122.0,12.0,40.0,1.42,57.0
435,良,77.0,146.0,56.0,77.0,9.0,40.0,1.27,40.0
436,良,76.0,186.0,55.0,75.0,12.0,47.0,1.4,14.0
437,优,26.0,10.0,14.0,20.0,6.0,32.0,1.01,49.0
438,良,99.0,268.0,74.0,109.0,15.0,51.0,1.36,52.0
439,良,80.0,194.0,58.0,81.0,10.0,56.0,0.98,51.0
440,良,88.0,221.0,62.0,104.0,13.0,54.0,1.31,49.0
441,轻度污染,107.0,258.0,75.0,146.0,25.0,64.0,1.68,63.0
442,良,95.0,307.0,35.0,137.0,28.0,59.0,0.9,36.0
443,良,63.0,167.0,27.0,74.0,22.0,49.0,0.78,45.0
444,良,65.0,172.0,29.0,75.0,19.0,42.0,0.67,80.0
445,良,58.0,135.0,28.0,63.0,16.0,46.0,0.65,73.0
446,良,80.0,201.0,57.0,85.0,20.0,55.0,0.97,50.0
447,良,87.0,196.0,63.0,96.0,21.0,63.0,1.17,52.0
448,轻度污染,102.0,220.0,75.0,132.0,23.0,71.0,1.19,88.0
449,良,98.0,248.0,72.0,109.0,25.0,46.0,0.98,93.0
450,良,87.0,242.0,58.0,100.0,29.0,59.0,1.18,48.0
451,轻度污染,111.0,327.0,81.0,133.0,24.0,62.0,1.11,48.0
452,良,77.0,290.0,53.0,81.0,11.0,42.0,1.07,31.0
453,良,93.0,299.0,69.0,89.0,13.0,42.0,1.1,50.0
454,良,68.0,189.0,49.0,66.0,9.0,47.0,1.02,47.0
455,良,67.0,186.0,47.0,60.0,8.0,39.0,0.89,52.0
456,良,69.0,241.0,44.0,66.0,6.0,32.0,0.67,77.0
457,优,46.0,153.0,20.0,44.0,9.0,32.0,0.48,61.0
458,良,65.0,232.0,46.0,71.0,15.0,52.0,0.84,63.0
459,良,86.0,293.0,61.0,94.0,21.0,57.0,0.95,73.0
460,良,87.0,269.0,62.0,106.0,23.0,87.0,1.0,68.0
461,良,84.0,248.0,59.0,103.0,27.0,64.0,1.04,73.0
462,良,79.0,259.0,51.0,93.0,22.0,45.0,0.83,84.0
463,良,59.0,119.0,30.0,66.0,9.0,26.0,0.68,67.0
464,良,72.0,157.0,45.0,71.0,11.0,26.0,0.7,98.0
465,良,75.0,120.0,42.0,98.0,42.0,75.0,1.24,58.0
466,良,87.0,148.0,48.0,122.0,28.0,53.0,1.0,64.0
467,轻度污染,112.0,255.0,38.0,172.0,18.0,37.0,0.74,96.0
468,轻度污染,109.0,284.0,67.0,161.0,24.0,83.0,1.14,45.0
469,优,50.0,94.0,33.0,51.0,11.0,40.0,0.93,40.0
470,良,63.0,196.0,40.0,75.0,10.0,37.0,0.75,83.0
471,良,74.0,230.0,39.0,89.0,15.0,73.0,0.8,64.0
472,良,83.0,271.0,51.0,111.0,28.0,93.0,1.23,51.0
473,轻度污染,102.0,298.0,55.0,112.0,24.0,71.0,0.96,106.0
474,轻度污染,104.0,297.0,71.0,151.0,31.0,112.0,1.13,64.0
475,轻度污染,120.0,303.0,74.0,150.0,28.0,104.0,1.31,91.0
476,轻度污染,103.0,282.0,53.0,112.0,28.0,61.0,0.76,123.0
477,良,79.0,170.0,46.0,99.0,33.0,53.0,0.97,86.0
478,良,90.0,266.0,60.0,100.0,26.0,37.0,0.98,86.0
479,良,52.0,68.0,30.0,48.0,11.0,36.0,0.67,65.0
480,良,63.0,79.0,28.0,60.0,12.0,51.0,0.69,75.0
481,轻度污染,121.0,339.0,73.0,112.0,20.0,42.0,0.92,132.0
482,良,66.0,232.0,43.0,62.0,10.0,31.0,0.83,77.0
483,良,70.0,207.0,49.0,67.0,13.0,37.0,0.74,87.0
484,轻度污染,101.0,320.0,62.0,119.0,20.0,61.0,0.9,62.0
485,良,81.0,226.0,31.0,83.0,26.0,50.0,0.72,98.0
486,轻度污染,101.0,274.0,67.0,133.0,35.0,86.0,1.21,60.0
487,轻度污染,148.0,351.0,111.0,170.0,32.0,68.0,1.55,80.0
488,轻度污染,108.0,343.0,81.0,108.0,16.0,61.0,1.08,73.0
489,良,67.0,231.0,47.0,70.0,12.0,37.0,0.68,71.0
490,良,70.0,225.0,38.0,65.0,12.0,32.0,0.67,99.0
491,良,56.0,197.0,32.0,59.0,9.0,29.0,0.68,58.0
492,良,71.0,239.0,23.0,90.0,12.0,30.0,0.62,81.0
493,良,68.0,157.0,26.0,84.0,28.0,41.0,0.78,78.0
494,良,60.0,127.0,30.0,64.0,24.0,37.0,1.08,78.0
495,优,49.0,102.0,26.0,50.0,11.0,38.0,0.76,56.0
496,良,77.0,228.0,38.0,80.0,12.0,38.0,0.66,107.0
497,良,82.0,214.0,49.0,89.0,20.0,44.0,0.71,108.0
498,良,88.0,262.0,64.0,91.0,10.0,51.0,1.15,55.0
499,轻度污染,112.0,314.0,80.0,111.0,13.0,41.0,1.23,87.0
500,良,89.0,300.0,43.0,90.0,12.0,46.0,0.81,91.0
501,良,71.0,231.0,25.0,67.0,18.0,44.0,0.66,102.0
502,良,73.0,204.0,41.0,82.0,23.0,42.0,0.84,101.0
503,良,92.0,269.0,68.0,115.0,28.0,60.0,1.15,75.0
504,轻度污染,115.0,305.0,76.0,126.0,23.0,64.0,1.11,89.0
505,良,98.0,243.0,61.0,102.0,19.0,44.0,0.91,116.0
506,良,78.0,194.0,49.0,83.0,17.0,35.0,0.75,96.0
507,良,87.0,228.0,63.0,91.0,18.0,58.0,0.96,44.0
508,轻度污染,114.0,304.0,85.0,128.0,14.0,49.0,0.78,25.0
509,良,63.0,216.0,45.0,65.0,16.0,45.0,0.94,20.0
510,优,46.0,80.0,29.0,45.0,7.0,34.0,0.77,43.0
511,良,66.0,170.0,33.0,62.0,15.0,51.0,0.69,73.0
512,轻度污染,135.0,332.0,100.0,135.0,15.0,46.0,1.1,105.0
513,轻度污染,125.0,347.0,95.0,113.0,11.0,46.0,1.21,50.0
514,优,47.0,135.0,25.0,46.0,10.0,36.0,0.55,65.0
515,优,40.0,67.0,13.0,32.0,10.0,40.0,0.46,71.0
516,良,64.0,205.0,34.0,68.0,12.0,39.0,0.68,103.0
517,良,91.0,273.0,49.0,103.0,27.0,45.0,0.96,111.0
518,良,83.0,291.0,57.0,97.0,22.0,45.0,0.84,83.0
519,轻度污染,108.0,347.0,76.0,106.0,22.0,39.0,0.97,86.0
520,良,77.0,239.0,49.0,80.0,24.0,45.0,1.06,86.0
521,良,72.0,227.0,46.0,73.0,17.0,40.0,0.84,62.0
522,轻度污染,101.0,337.0,44.0,145.0,13.0,34.0,0.67,95.0
523,良,96.0,314.0,37.0,118.0,21.0,46.0,0.83,112.0
524,良,79.0,284.0,42.0,101.0,31.0,37.0,1.06,99.0
525,轻度污染,109.0,343.0,45.0,98.0,18.0,37.0,0.84,140.0
526,良,90.0,283.0,64.0,105.0,17.0,34.0,0.94,94.0
527,良,68.0,209.0,45.0,59.0,7.0,36.0,0.98,82.0
528,优,32.0,37.0,11.0,16.0,6.0,41.0,0.77,59.0
529,良,63.0,226.0,27.0,45.0,9.0,39.0,0.61,98.0
530,良,76.0,281.0,42.0,67.0,14.0,35.0,0.78,101.0
531,良,86.0,321.0,56.0,84.0,16.0,33.0,0.8,110.0
532,良,98.0,330.0,72.0,99.0,13.0,37.0,0.9,77.0
533,良,66.0,215.0,45.0,65.0,11.0,28.0,0.77,102.0
534,良,98.0,314.0,72.0,107.0,17.0,42.0,1.1,51.0
535,轻度污染,109.0,349.0,81.0,126.0,11.0,46.0,1.18,31.0
536,良,69.0,294.0,43.0,76.0,11.0,31.0,0.77,49.0
537,优,34.0,57.0,19.0,28.0,5.0,35.0,0.98,50.0
538,优,25.0,13.0,7.0,8.0,6.0,37.0,0.78,52.0
539,优,36.0,75.0,9.0,12.0,5.0,28.0,0.63,74.0
540,优,37.0,75.0,20.0,33.0,5.0,34.0,0.75,50.0
541,良,52.0,206.0,33.0,54.0,8.0,31.0,0.71,46.0
542,良,58.0,232.0,31.0,51.0,7.0,34.0,0.69,100.0
543,良,92.0,336.0,52.0,85.0,11.0,55.0,0.99,72.0
544,轻度污染,137.0,359.0,101.0,145.0,13.0,42.0,0.97,138.0
545,良,88.0,311.0,48.0,73.0,8.0,25.0,0.64,119.0
546,良,69.0,260.0,27.0,48.0,8.0,22.0,0.49,118.0
547,优,42.0,78.0,18.0,31.0,6.0,35.0,0.49,66.0
548,优,50.0,128.0,28.0,47.0,8.0,33.0,0.61,79.0
549,良,59.0,169.0,39.0,65.0,9.0,46.0,0.68,41.0
550,优,46.0,86.0,28.0,47.0,6.0,32.0,0.59,67.0
551,优,49.0,131.0,27.0,51.0,6.0,22.0,0.53,39.0
552,优,29.0,32.0,10.0,24.0,5.0,14.0,0.43,48.0
553,优,31.0,28.0,11.0,25.0,6.0,14.0,0.56,67.0
554,良,67.0,138.0,38.0,67.0,7.0,30.0,0.79,93.0
555,轻度污染,110.0,315.0,68.0,117.0,11.0,50.0,0.97,108.0
556,轻度污染,111.0,336.0,72.0,123.0,16.0,40.0,0.86,119.0
557,良,77.0,287.0,54.0,95.0,14.0,37.0,0.76,75.0
558,优,43.0,69.0,26.0,43.0,9.0,38.0,0.75,17.0
559,优,39.0,45.0,22.0,39.0,6.0,28.0,0.74,35.0
560,优,34.0,21.0,18.0,33.0,6.0,37.0,0.71,23.0
561,良,63.0,190.0,42.0,71.0,10.0,39.0,0.69,27.0
562,良,74.0,267.0,52.0,89.0,11.0,47.0,0.68,54.0
563,良,91.0,320.0,66.0,108.0,17.0,48.0,0.8,65.0
564,良,73.0,295.0,51.0,88.0,14.0,52.0,0.74,47.0
565,优,47.0,137.0,28.0,47.0,7.0,35.0,0.74,38.0
566,优,39.0,77.0,20.0,38.0,11.0,45.0,0.93,30.0
567,优,38.0,63.0,16.0,37.0,11.0,30.0,0.66,38.0
568,良,53.0,149.0,20.0,51.0,21.0,32.0,0.76,60.0
569,良,55.0,182.0,20.0,56.0,29.0,35.0,0.8,67.0
570,良,57.0,197.0,21.0,56.0,25.0,31.0,0.72,75.0
571,良,60.0,249.0,22.0,63.0,25.0,33.0,0.67,68.0
572,良,57.0,251.0,18.0,53.0,21.0,34.0,0.61,76.0
573,良,65.0,258.0,25.0,66.0,22.0,40.0,0.74,77.0
574,良,73.0,297.0,27.0,74.0,24.0,40.0,0.79,88.0
575,良,71.0,316.0,28.0,75.0,25.0,37.0,0.98,90.0
576,良,72.0,320.0,26.0,66.0,22.0,35.0,0.98,95.0
577,良,84.0,309.0,37.0,89.0,26.0,45.0,0.88,94.0
578,良,84.0,341.0,34.0,80.0,12.0,41.0,0.63,103.0
579,优,44.0,103.0,17.0,41.0,7.0,23.0,0.4,52.0
580,优,38.0,102.0,13.0,36.0,8.0,26.0,0.49,40.0
581,优,30.0,56.0,10.0,29.0,8.0,23.0,0.41,24.0
582,优,20.0,6.0,8.0,14.0,5.0,25.0,0.48,30.0
583,优,25.0,12.0,7.0,12.0,6.0,19.0,0.48,53.0
584,良,66.0,243.0,33.0,61.0,11.0,42.0,0.69,94.0
585,良,65.0,185.0,37.0,68.0,8.0,54.0,0.67,67.0
586,轻度污染,102.0,319.0,47.0,84.0,15.0,48.0,0.8,121.0
587,良,92.0,330.0,45.0,81.0,13.0,35.0,0.68,125.0
588,良,67.0,218.0,31.0,55.0,9.0,34.0,0.62,98.0
589,良,76.0,223.0,31.0,65.0,14.0,35.0,0.73,103.0
590,良,81.0,255.0,44.0,83.0,16.0,36.0,0.84,99.0
591,良,72.0,301.0,44.0,83.0,17.0,37.0,0.87,94.0
592,优,34.0,33.0,16.0,27.0,7.0,27.0,0.59,56.0
593,优,42.0,58.0,22.0,40.0,8.0,35.0,0.64,61.0
594,良,58.0,160.0,31.0,59.0,11.0,44.0,0.86,61.0
595,良,61.0,189.0,23.0,50.0,13.0,40.0,0.66,81.0
596,优,45.0,102.0,13.0,28.0,8.0,25.0,0.5,80.0
597,良,67.0,236.0,32.0,61.0,11.0,26.0,0.76,110.0
598,良,87.0,283.0,51.0,84.0,9.0,32.0,0.76,116.0
599,良,74.0,233.0,38.0,72.0,8.0,43.0,0.76,97.0
600,轻度污染,103.0,333.0,48.0,91.0,14.0,59.0,0.98,107.0
601,轻度污染,111.0,352.0,63.0,105.0,16.0,45.0,1.04,122.0
602,轻度污染,105.0,341.0,63.0,100.0,18.0,41.0,1.08,126.0
603,良,86.0,312.0,58.0,98.0,16.0,61.0,1.19,81.0
604,良,92.0,336.0,60.0,98.0,14.0,41.0,1.08,100.0
605,良,70.0,270.0,28.0,56.0,10.0,30.0,0.81,110.0
606,良,79.0,313.0,37.0,66.0,11.0,37.0,0.82,106.0
607,良,94.0,333.0,59.0,99.0,17.0,37.0,1.09,127.0
608,良,57.0,268.0,27.0,39.0,8.0,20.0,0.9,94.0
609,良,57.0,243.0,28.0,45.0,13.0,26.0,0.86,96.0
610,优,49.0,137.0,14.0,30.0,10.0,28.0,0.61,87.0
611,良,52.0,142.0,15.0,45.0,15.0,47.0,0.58,68.0
612,良,54.0,178.0,16.0,43.0,15.0,43.0,0.62,89.0
613,良,65.0,251.0,17.0,48.0,13.0,46.0,0.55,96.0
614,良,64.0,255.0,29.0,69.0,19.0,48.0,0.78,71.0
615,良,63.0,260.0,38.0,65.0,14.0,27.0,0.87,80.0
616,良,63.0,251.0,20.0,61.0,18.0,46.0,0.62,79.0
617,良,65.0,212.0,20.0,59.0,16.0,40.0,0.62,90.0
618,优,50.0,96.0,21.0,49.0,11.0,40.0,0.63,71.0
619,优,49.0,87.0,15.0,37.0,11.0,48.0,0.58,68.0
620,良,63.0,166.0,24.0,62.0,15.0,66.0,0.64,69.0
621,良,68.0,183.0,33.0,76.0,16.0,63.0,0.73,78.0
622,良,78.0,260.0,45.0,105.0,25.0,77.0,1.02,29.0
623,良,70.0,240.0,35.0,76.0,16.0,50.0,0.81,97.0
624,良,92.0,287.0,63.0,112.0,23.0,51.0,1.02,93.0
625,良,63.0,232.0,36.0,74.0,17.0,44.0,0.71,70.0
626,优,50.0,158.0,29.0,44.0,11.0,38.0,0.74,73.0
627,优,50.0,171.0,21.0,43.0,9.0,45.0,0.6,68.0
628,优,41.0,99.0,21.0,40.0,10.0,46.0,0.63,47.0
629,良,70.0,274.0,45.0,82.0,16.0,54.0,0.86,75.0
630,良,73.0,263.0,34.0,68.0,14.0,44.0,0.72,91.0
631,良,61.0,226.0,19.0,54.0,14.0,38.0,0.55,96.0
632,优,47.0,145.0,17.0,41.0,9.0,33.0,0.58,84.0
633,优,46.0,153.0,25.0,42.0,9.0,39.0,0.74,37.0
634,良,55.0,177.0,16.0,70.0,9.0,26.0,0.52,60.0
635,良,84.0,277.0,35.0,116.0,15.0,60.0,0.75,66.0
636,良,97.0,285.0,60.0,141.0,27.0,95.0,1.09,62.0
637,良,94.0,275.0,64.0,117.0,22.0,58.0,0.95,75.0
638,良,53.0,147.0,27.0,52.0,14.0,35.0,0.65,79.0
639,优,49.0,126.0,26.0,49.0,15.0,41.0,0.79,48.0
640,优,35.0,49.0,15.0,26.0,8.0,32.0,0.62,61.0
641,优,36.0,62.0,14.0,24.0,8.0,40.0,0.53,67.0
642,良,73.0,296.0,41.0,95.0,19.0,48.0,0.84,63.0
643,良,78.0,306.0,43.0,103.0,21.0,57.0,0.86,70.0
644,良,72.0,249.0,36.0,91.0,23.0,63.0,0.76,57.0
645,良,89.0,283.0,53.0,122.0,22.0,78.0,1.01,65.0
646,轻度污染,109.0,295.0,77.0,165.0,42.0,112.0,1.73,61.0
647,轻度污染,119.0,268.0,83.0,164.0,31.0,96.0,1.33,95.0
648,中度污染,161.0,330.0,121.0,201.0,39.0,94.0,1.41,83.0
649,中度污染,190.0,332.0,147.0,245.0,36.0,106.0,1.76,92.0
650,轻度污染,120.0,272.0,78.0,135.0,21.0,68.0,1.01,89.0
651,良,74.0,186.0,45.0,91.0,22.0,69.0,0.9,74.0
652,良,75.0,144.0,44.0,82.0,18.0,53.0,0.79,86.0
653,良,80.0,153.0,54.0,101.0,22.0,59.0,0.89,67.0
654,良,73.0,156.0,45.0,94.0,20.0,54.0,0.87,57.0
655,轻度污染,101.0,257.0,75.0,124.0,16.0,55.0,0.92,77.0
656,轻度污染,132.0,316.0,98.0,154.0,15.0,51.0,1.14,92.0
657,轻度污染,107.0,279.0,79.0,148.0,26.0,70.0,1.1,65.0
658,轻度污染,113.0,311.0,81.0,132.0,14.0,35.0,1.02,78.0
659,良,69.0,190.0,46.0,85.0,15.0,39.0,1.02,49.0
660,良,85.0,331.0,50.0,96.0,11.0,33.0,0.69,51.0
661,良,91.0,297.0,44.0,130.0,23.0,74.0,0.95,18.0
662,良,94.0,322.0,69.0,126.0,30.0,71.0,1.01,41.0
663,良,61.0,219.0,29.0,70.0,16.0,38.0,0.55,66.0
664,优,50.0,169.0,22.0,53.0,16.0,43.0,0.47,69.0
665,良,75.0,246.0,48.0,92.0,18.0,51.0,0.64,74.0
666,轻度污染,104.0,266.0,76.0,137.0,18.0,84.0,0.95,49.0
667,轻度污染,117.0,266.0,87.0,141.0,24.0,62.0,0.92,85.0
668,良,92.0,198.0,67.0,105.0,19.0,57.0,0.87,41.0
669,良,98.0,259.0,72.0,112.0,16.0,60.0,1.18,21.0
670,良,79.0,280.0,54.0,87.0,16.0,58.0,1.21,26.0
671,优,31.0,36.0,18.0,30.0,7.0,31.0,0.96,9.0
672,良,77.0,235.0,56.0,72.0,10.0,39.0,1.1,11.0
673,轻度污染,103.0,273.0,77.0,103.0,11.0,43.0,1.07,32.0
674,良,85.0,226.0,62.0,89.0,15.0,49.0,0.83,53.0
675,良,60.0,150.0,35.0,67.0,15.0,57.0,0.59,40.0
676,良,56.0,141.0,37.0,56.0,13.0,56.0,0.84,24.0
677,良,52.0,147.0,37.0,48.0,7.0,30.0,1.0,50.0
678,中度污染,190.0,347.0,145.0,189.0,21.0,47.0,1.54,63.0
679,中度污染,159.0,336.0,120.0,166.0,27.0,53.0,1.7,62.0
680,良,90.0,292.0,66.0,86.0,11.0,46.0,1.51,36.0
681,良,78.0,280.0,57.0,78.0,10.0,43.0,1.37,33.0
682,良,55.0,208.0,38.0,56.0,8.0,37.0,0.97,40.0
683,良,58.0,180.0,40.0,62.0,13.0,57.0,0.73,18.0
684,良,75.0,238.0,52.0,96.0,18.0,68.0,0.88,15.0
685,良,78.0,286.0,57.0,86.0,15.0,64.0,1.13,19.0
686,良,52.0,205.0,35.0,54.0,8.0,46.0,1.16,28.0
687,优,28.0,25.0,18.0,26.0,7.0,39.0,1.27,12.0
688,优,22.0,26.0,10.0,14.0,6.0,34.0,0.65,40.0
689,良,58.0,224.0,42.0,51.0,8.0,31.0,0.64,40.0
690,良,68.0,263.0,48.0,62.0,18.0,29.0,0.75,54.0
691,良,51.0,101.0,33.0,55.0,22.0,45.0,0.77,44.0
692,良,87.0,203.0,63.0,113.0,37.0,81.0,1.41,19.0
693,轻度污染,120.0,261.0,89.0,155.0,50.0,94.0,2.16,17.0
694,良,88.0,192.0,62.0,116.0,24.0,76.0,1.78,17.0
695,轻度污染,141.0,284.0,107.0,165.0,30.0,77.0,1.47,27.0
696,轻度污染,104.0,272.0,67.0,127.0,21.0,40.0,1.03,40.0
697,良,100.0,338.0,46.0,148.0,16.0,43.0,0.78,36.0
698,良,67.0,232.0,32.0,82.0,18.0,53.0,0.74,24.0
699,轻度污染,102.0,267.0,74.0,139.0,32.0,82.0,1.06,11.0
700,轻度污染,133.0,306.0,100.0,159.0,26.0,79.0,1.18,26.0
701,中度污染,155.0,284.0,118.0,187.0,34.0,108.0,1.61,15.0
702,良,75.0,167.0,54.0,86.0,28.0,60.0,1.23,44.0
703,良,76.0,168.0,55.0,83.0,15.0,67.0,1.0,16.0
704,轻度污染,143.0,285.0,108.0,140.0,16.0,59.0,1.16,18.0
705,中度污染,160.0,309.0,121.0,153.0,18.0,47.0,1.16,33.0
706,良,59.0,121.0,39.0,64.0,15.0,55.0,0.64,34.0
707,良,93.0,221.0,69.0,98.0,17.0,54.0,0.92,26.0
708,中度污染,189.0,300.0,144.0,192.0,32.0,63.0,1.28,52.0
709,重度污染,204.0,342.0,160.0,218.0,41.0,57.0,1.41,39.0
710,良,81.0,318.0,47.0,98.0,28.0,41.0,0.75,34.0
711,良,58.0,180.0,29.0,64.0,24.0,44.0,0.66,30.0
712,良,75.0,192.0,51.0,96.0,30.0,72.0,0.89,22.0
713,良,95.0,216.0,70.0,114.0,34.0,77.0,1.07,18.0
714,中度污染,162.0,289.0,122.0,155.0,18.0,74.0,1.27,14.0
715,中度污染,192.0,270.0,150.0,191.0,21.0,71.0,1.4,43.0
716,重度污染,244.0,309.0,193.0,249.0,25.0,91.0,1.69,15.0
717,重度污染,214.0,271.0,169.0,215.0,15.0,57.0,1.7,13.0
718,良,99.0,201.0,74.0,96.0,13.0,56.0,1.36,18.0
719,中度污染,163.0,281.0,126.0,162.0,28.0,51.0,1.5,47.0
720,中度污染,160.0,311.0,121.0,181.0,43.0,83.0,2.12,25.0
721,轻度污染,101.0,258.0,69.0,116.0,17.0,50.0,1.08,33.0
722,良,56.0,87.0,30.0,66.0,17.0,59.0,0.8,24.0
723,轻度污染,102.0,177.0,76.0,132.0,27.0,68.0,1.27,28.0
724,中度污染,164.0,258.0,125.0,197.0,31.0,80.0,1.55,30.0
725,重度污染,221.0,334.0,173.0,253.0,31.0,87.0,1.62,29.0
726,中度污染,169.0,284.0,128.0,183.0,29.0,81.0,1.57,36.0
727,中度污染,185.0,280.0,143.0,222.0,47.0,99.0,2.05,22.0
728,轻度污染,140.0,204.0,106.0,169.0,38.0,86.0,1.98,24.0
729,重度污染,231.0,321.0,184.0,255.0,30.0,79.0,2.05,26.0
730,优,48.0,80.0,27.0,42.0,10.0,37.0,0.91,53.0
731,良,59.0,125.0,37.0,69.0,18.0,50.0,0.94,35.0
732,轻度污染,108.0,264.0,80.0,115.0,19.0,53.0,1.29,24.0
733,轻度污染,111.0,270.0,83.0,123.0,25.0,66.0,1.39,38.0
734,中度污染,162.0,285.0,122.0,182.0,38.0,82.0,1.59,39.0
735,中度污染,191.0,298.0,145.0,207.0,42.0,83.0,1.73,40.0
736,轻度污染,120.0,304.0,90.0,114.0,16.0,48.0,1.25,54.0
737,优,46.0,103.0,29.0,46.0,12.0,35.0,0.83,42.0
738,轻度污染,115.0,275.0,86.0,116.0,21.0,42.0,1.15,42.0
739,中度污染,156.0,306.0,118.0,174.0,34.0,75.0,1.97,19.0
740,轻度污染,121.0,243.0,91.0,155.0,31.0,74.0,1.85,34.0
741,轻度污染,133.0,258.0,100.0,158.0,40.0,90.0,1.69,32.0
742,轻度污染,149.0,302.0,116.0,161.0,31.0,60.0,1.53,63.0
743,中度污染,171.0,324.0,133.0,190.0,22.0,49.0,1.4,29.0
744,轻度污染,128.0,269.0,96.0,150.0,33.0,64.0,1.34,34.0
745,良,81.0,189.0,50.0,97.0,33.0,52.0,0.9,33.0
746,优,36.0,56.0,23.0,35.0,12.0,38.0,0.77,36.0
747,良,90.0,274.0,66.0,87.0,18.0,43.0,1.14,40.0
748,良,81.0,302.0,53.0,79.0,22.0,25.0,1.07,54.0
749,良,66.0,251.0,18.0,80.0,20.0,18.0,0.72,58.0
750,良,63.0,170.0,19.0,74.0,16.0,33.0,0.84,46.0
751,良,79.0,230.0,40.0,105.0,29.0,64.0,1.38,29.0
752,良,95.0,226.0,65.0,131.0,32.0,81.0,1.62,18.0
753,良,81.0,182.0,59.0,79.0,15.0,65.0,1.48,11.0
754,优,44.0,96.0,30.0,41.0,10.0,32.0,1.0,62.0
755,良,70.0,178.0,48.0,80.0,17.0,39.0,1.11,46.0
756,良,68.0,194.0,47.0,72.0,16.0,35.0,1.07,38.0
757,轻度污染,129.0,321.0,97.0,127.0,29.0,42.0,1.61,41.0
758,轻度污染,145.0,326.0,110.0,152.0,27.0,62.0,1.66,43.0
759,中度污染,154.0,319.0,116.0,166.0,25.0,75.0,1.83,47.0
760,轻度污染,127.0,277.0,95.0,136.0,29.0,76.0,1.8,37.0
761,轻度污染,142.0,321.0,107.0,149.0,30.0,61.0,1.9,69.0
762,轻度污染,134.0,354.0,97.0,144.0,25.0,38.0,1.72,64.0
763,良,86.0,197.0,58.0,116.0,28.0,34.0,1.48,77.0
764,轻度污染,125.0,132.0,93.0,161.0,39.0,44.0,1.6,72.0
765,轻度污染,108.0,259.0,80.0,120.0,30.0,48.0,1.66,74.0
766,良,78.0,194.0,53.0,80.0,15.0,32.0,1.33,93.0
767,优,46.0,59.0,27.0,50.0,11.0,35.0,1.17,48.0
768,良,95.0,235.0,70.0,98.0,14.0,48.0,1.71,16.0
769,良,94.0,339.0,69.0,86.0,10.0,28.0,1.91,26.0
770,优,41.0,186.0,19.0,33.0,12.0,15.0,0.9,74.0
771,优,42.0,150.0,13.0,32.0,16.0,17.0,0.84,81.0
772,优,43.0,106.0,19.0,41.0,15.0,26.0,0.88,73.0
773,良,57.0,154.0,33.0,63.0,20.0,53.0,1.24,54.0
774,良,69.0,155.0,46.0,81.0,24.0,65.0,1.36,49.0
775,轻度污染,115.0,271.0,86.0,134.0,35.0,84.0,1.55,40.0
776,轻度污染,123.0,318.0,56.0,193.0,25.0,36.0,1.06,67.0
777,轻度污染,112.0,291.0,59.0,172.0,21.0,49.0,1.13,55.0
778,良,67.0,132.0,46.0,79.0,8.0,41.0,1.04,56.0
779,轻度污染,127.0,313.0,96.0,144.0,10.0,35.0,1.17,62.0
780,轻度污染,105.0,297.0,77.0,126.0,18.0,43.0,1.08,69.0
781,良,92.0,249.0,67.0,115.0,16.0,56.0,1.05,63.0
782,轻度污染,115.0,305.0,83.0,156.0,22.0,64.0,1.13,57.0
783,良,77.0,210.0,39.0,102.0,23.0,47.0,1.17,55.0
784,轻度污染,124.0,316.0,85.0,139.0,16.0,42.0,1.11,69.0
785,轻度污染,120.0,330.0,90.0,131.0,15.0,44.0,0.94,69.0
786,良,77.0,155.0,51.0,96.0,19.0,38.0,0.96,74.0
787,轻度污染,139.0,307.0,105.0,187.0,26.0,91.0,1.47,42.0
788,中度污染,192.0,344.0,145.0,233.0,27.0,111.0,1.92,27.0
789,中度污染,188.0,310.0,143.0,226.0,30.0,103.0,2.08,38.0
790,中度污染,189.0,296.0,147.0,215.0,20.0,64.0,1.59,55.0
791,轻度污染,147.0,243.0,110.0,177.0,14.0,47.0,1.28,42.0
792,中度污染,197.0,338.0,152.0,232.0,14.0,58.0,1.52,43.0
793,良,59.0,184.0,21.0,64.0,9.0,25.0,1.1,68.0
794,优,39.0,109.0,12.0,34.0,7.0,18.0,0.67,72.0
795,良,60.0,259.0,32.0,70.0,18.0,36.0,1.03,66.0
796,良,84.0,287.0,59.0,106.0,24.0,59.0,0.93,51.0
797,轻度污染,112.0,306.0,83.0,140.0,25.0,49.0,1.02,81.0
798,轻度污染,138.0,332.0,104.0,165.0,20.0,53.0,1.2,61.0
799,轻度污染,130.0,329.0,98.0,157.0,18.0,61.0,1.2,63.0
800,轻度污染,125.0,289.0,87.0,145.0,18.0,37.0,1.19,72.0
801,良,87.0,178.0,60.0,118.0,25.0,68.0,1.24,66.0
802,轻度污染,109.0,213.0,82.0,140.0,27.0,74.0,1.37,44.0
803,中度污染,170.0,311.0,129.0,204.0,28.0,85.0,1.63,25.0
804,中度污染,193.0,337.0,148.0,191.0,17.0,65.0,1.42,53.0
805,良,98.0,237.0,65.0,118.0,18.0,40.0,1.06,75.0
806,良,81.0,198.0,55.0,108.0,23.0,53.0,0.99,85.0
807,良,88.0,244.0,61.0,110.0,17.0,46.0,0.95,60.0
808,良,72.0,269.0,39.0,87.0,12.0,39.0,0.8,71.0
809,良,52.0,147.0,15.0,52.0,12.0,32.0,0.67,74.0
810,良,73.0,268.0,35.0,94.0,20.0,52.0,0.83,64.0
811,良,77.0,235.0,47.0,95.0,17.0,43.0,1.0,75.0
812,良,89.0,276.0,64.0,107.0,13.0,42.0,1.0,84.0
813,良,95.0,271.0,62.0,127.0,30.0,71.0,1.29,70.0
814,良,84.0,204.0,53.0,116.0,42.0,80.0,1.57,42.0
815,良,77.0,161.0,54.0,99.0,31.0,60.0,1.47,50.0
816,良,81.0,183.0,59.0,81.0,13.0,49.0,1.3,60.0
817,良,77.0,139.0,50.0,79.0,15.0,41.0,1.22,83.0
818,轻度污染,112.0,292.0,84.0,113.0,15.0,62.0,1.49,38.0
819,优,46.0,72.0,28.0,39.0,8.0,21.0,0.81,76.0
820,良,53.0,120.0,21.0,57.0,14.0,32.0,0.8,70.0
821,良,71.0,230.0,41.0,90.0,25.0,52.0,1.09,51.0
822,优,41.0,83.0,26.0,41.0,11.0,48.0,0.95,25.0
823,优,44.0,91.0,23.0,44.0,14.0,37.0,1.04,52.0
824,良,73.0,227.0,44.0,83.0,16.0,49.0,1.24,71.0
825,良,84.0,255.0,44.0,90.0,16.0,43.0,0.92,99.0
826,轻度污染,109.0,309.0,67.0,136.0,23.0,55.0,1.11,115.0
827,轻度污染,106.0,317.0,65.0,159.0,30.0,59.0,1.2,67.0
828,良,68.0,183.0,42.0,84.0,22.0,39.0,0.96,71.0
829,轻度污染,107.0,282.0,70.0,134.0,22.0,68.0,1.26,93.0
830,轻度污染,127.0,325.0,77.0,162.0,21.0,65.0,1.17,121.0
831,良,100.0,281.0,50.0,140.0,18.0,37.0,0.77,120.0
832,优,47.0,83.0,25.0,46.0,10.0,36.0,0.78,62.0
833,良,66.0,242.0,31.0,81.0,13.0,38.0,0.87,67.0
834,良,53.0,147.0,25.0,59.0,17.0,35.0,0.87,88.0
835,良,85.0,313.0,38.0,93.0,17.0,41.0,0.77,104.0
836,优,46.0,75.0,22.0,41.0,11.0,50.0,0.88,37.0
837,良,72.0,209.0,50.0,83.0,13.0,34.0,0.97,89.0
838,良,84.0,235.0,50.0,100.0,32.0,47.0,1.19,91.0
839,良,77.0,254.0,45.0,66.0,10.0,31.0,0.76,120.0
840,良,63.0,191.0,38.0,72.0,14.0,33.0,0.75,102.0
841,良,69.0,205.0,43.0,80.0,12.0,29.0,0.84,94.0
842,良,53.0,133.0,35.0,60.0,9.0,48.0,0.9,48.0
843,良,58.0,154.0,27.0,58.0,10.0,29.0,0.84,99.0
844,良,71.0,210.0,41.0,76.0,12.0,36.0,1.0,101.0
845,良,97.0,273.0,61.0,128.0,21.0,68.0,1.33,90.0
846,良,89.0,245.0,54.0,115.0,24.0,50.0,1.13,108.0
847,良,89.0,242.0,51.0,109.0,20.0,49.0,1.08,110.0
848,良,56.0,116.0,31.0,65.0,14.0,43.0,1.19,59.0
849,良,74.0,281.0,19.0,85.0,8.0,22.0,0.65,99.0
850,良,80.0,261.0,30.0,90.0,19.0,51.0,0.94,101.0
851,良,63.0,161.0,34.0,75.0,14.0,42.0,0.96,72.0
852,良,81.0,199.0,45.0,104.0,15.0,40.0,1.09,73.0
853,严重污染,287.0,366.0,85.0,381.0,18.0,37.0,0.81,86.0
854,良,68.0,253.0,24.0,84.0,15.0,35.0,0.71,75.0
855,良,82.0,313.0,58.0,95.0,14.0,53.0,1.17,33.0
856,良,63.0,187.0,32.0,56.0,12.0,34.0,0.78,87.0
857,良,88.0,213.0,51.0,95.0,17.0,46.0,1.07,92.0
858,良,96.0,253.0,52.0,107.0,22.0,38.0,1.03,126.0
859,优,50.0,85.0,14.0,49.0,11.0,24.0,0.57,80.0
860,良,84.0,298.0,53.0,93.0,14.0,25.0,1.02,127.0
861,优,50.0,167.0,29.0,44.0,9.0,25.0,1.0,64.0
862,良,67.0,215.0,34.0,69.0,9.0,28.0,0.76,83.0
863,良,96.0,339.0,38.0,77.0,17.0,42.0,1.0,130.0
864,良,75.0,169.0,23.0,62.0,16.0,31.0,0.83,121.0
865,轻度污染,109.0,309.0,50.0,99.0,22.0,37.0,1.1,144.0
866,良,61.0,174.0,29.0,57.0,13.0,28.0,0.83,84.0
867,优,47.0,141.0,17.0,25.0,8.0,23.0,0.62,92.0
868,良,52.0,170.0,17.0,28.0,8.0,22.0,0.63,99.0
869,良,56.0,168.0,36.0,57.0,11.0,27.0,0.98,78.0
870,良,86.0,302.0,55.0,98.0,20.0,45.0,1.12,115.0
871,良,97.0,311.0,58.0,98.0,19.0,49.0,1.3,105.0
872,良,83.0,315.0,61.0,90.0,16.0,43.0,1.3,72.0
873,良,68.0,252.0,47.0,60.0,10.0,30.0,0.92,100.0
874,良,55.0,184.0,37.0,56.0,11.0,32.0,1.14,45.0
875,良,59.0,174.0,38.0,59.0,12.0,29.0,1.22,73.0
876,良,74.0,214.0,46.0,76.0,13.0,36.0,1.37,93.0
877,轻度污染,136.0,358.0,102.0,140.0,19.0,40.0,2.0,100.0
878,良,59.0,208.0,26.0,42.0,20.0,29.0,0.84,92.0
879,良,71.0,267.0,47.0,85.0,21.0,55.0,0.85,49.0
880,良,55.0,197.0,34.0,58.0,17.0,43.0,0.8,51.0
881,优,36.0,39.0,13.0,25.0,16.0,25.0,0.62,71.0
882,良,61.0,182.0,32.0,55.0,15.0,31.0,0.74,87.0
883,良,68.0,202.0,47.0,78.0,19.0,37.0,0.94,77.0
884,轻度污染,129.0,358.0,97.0,141.0,17.0,46.0,1.3,75.0
885,良,83.0,278.0,59.0,91.0,15.0,37.0,1.16,28.0
886,良,70.0,218.0,50.0,73.0,15.0,31.0,0.91,68.0
887,良,77.0,279.0,56.0,83.0,13.0,26.0,0.89,88.0
888,轻度污染,123.0,360.0,83.0,124.0,21.0,48.0,1.47,107.0
889,良,73.0,299.0,34.0,53.0,11.0,30.0,0.92,98.0
890,良,73.0,269.0,34.0,60.0,18.0,30.0,1.11,104.0
891,良,80.0,311.0,38.0,70.0,21.0,33.0,1.09,121.0
892,良,63.0,257.0,35.0,67.0,17.0,31.0,0.97,101.0
893,良,98.0,338.0,47.0,75.0,16.0,28.0,1.13,139.0
894,良,97.0,319.0,46.0,86.0,26.0,40.0,1.25,124.0
895,良,91.0,306.0,44.0,80.0,23.0,28.0,0.97,123.0
896,优,38.0,104.0,13.0,34.0,20.0,25.0,0.78,52.0
897,优,38.0,113.0,12.0,34.0,17.0,33.0,0.81,50.0
898,优,41.0,100.0,23.0,42.0,13.0,40.0,0.92,29.0
899,优,43.0,114.0,24.0,42.0,13.0,28.0,0.89,63.0
900,良,61.0,275.0,30.0,56.0,20.0,28.0,0.89,75.0
901,优,38.0,121.0,11.0,25.0,10.0,25.0,0.63,70.0
902,优,38.0,99.0,22.0,34.0,9.0,29.0,0.78,72.0
903,良,76.0,279.0,29.0,49.0,11.0,25.0,0.75,102.0
904,优,44.0,122.0,18.0,28.0,9.0,36.0,0.76,58.0
905,良,56.0,187.0,35.0,62.0,10.0,40.0,0.88,31.0
906,优,45.0,142.0,21.0,45.0,15.0,32.0,0.96,53.0
907,优,45.0,159.0,16.0,44.0,23.0,32.0,1.06,51.0
908,优,21.0,11.0,5.0,11.0,11.0,26.0,0.87,33.0
909,优,21.0,9.0,10.0,17.0,9.0,29.0,0.9,37.0
910,优,22.0,24.0,9.0,17.0,11.0,32.0,0.91,40.0
911,优,24.0,28.0,9.0,14.0,11.0,36.0,0.87,42.0
912,优,30.0,70.0,14.0,25.0,11.0,42.0,0.96,32.0
913,良,70.0,281.0,47.0,70.0,15.0,49.0,1.48,27.0
914,优,45.0,154.0,13.0,24.0,13.0,23.0,0.64,83.0
915,优,50.0,178.0,25.0,49.0,14.0,26.0,0.76,54.0
916,优,48.0,170.0,25.0,49.0,12.0,22.0,0.65,41.0
917,良,61.0,259.0,39.0,65.0,14.0,25.0,0.71,37.0
918,良,60.0,244.0,39.0,65.0,13.0,26.0,0.86,24.0
919,良,62.0,263.0,34.0,64.0,13.0,28.0,1.05,73.0
920,良,84.0,339.0,56.0,93.0,20.0,30.0,1.36,90.0
921,良,56.0,240.0,38.0,57.0,14.0,40.0,1.25,42.0
922,优,35.0,73.0,15.0,28.0,12.0,19.0,0.99,56.0
923,优,49.0,173.0,20.0,35.0,11.0,19.0,0.93,90.0
924,良,65.0,243.0,33.0,61.0,17.0,29.0,1.17,84.0
925,良,77.0,283.0,52.0,85.0,19.0,35.0,1.29,96.0
926,良,59.0,252.0,33.0,62.0,15.0,23.0,0.97,76.0
927,优,46.0,201.0,15.0,45.0,13.0,22.0,0.83,63.0
928,良,54.0,240.0,14.0,48.0,20.0,28.0,0.94,80.0
929,良,63.0,269.0,22.0,57.0,30.0,33.0,1.09,92.0
930,良,70.0,275.0,27.0,64.0,35.0,34.0,1.11,91.0
931,良,86.0,326.0,36.0,77.0,24.0,35.0,1.11,109.0
932,良,93.0,346.0,44.0,84.0,20.0,30.0,1.07,126.0
933,良,78.0,309.0,43.0,80.0,26.0,35.0,1.08,100.0
934,良,75.0,283.0,33.0,64.0,16.0,26.0,0.88,111.0
935,良,87.0,310.0,48.0,85.0,27.0,33.0,1.23,118.0
936,良,98.0,330.0,45.0,82.0,26.0,36.0,1.27,133.0
937,良,90.0,320.0,52.0,89.0,16.0,29.0,1.0,135.0
938,良,61.0,234.0,24.0,48.0,14.0,16.0,0.73,102.0
939,优,44.0,132.0,11.0,38.0,18.0,17.0,0.65,75.0
940,良,53.0,206.0,20.0,46.0,13.0,37.0,0.81,69.0
941,优,35.0,110.0,14.0,28.0,14.0,39.0,0.94,48.0
942,优,47.0,190.0,27.0,43.0,16.0,40.0,0.98,55.0
943,良,62.0,271.0,40.0,61.0,21.0,41.0,1.06,69.0
944,良,60.0,254.0,28.0,48.0,17.0,36.0,0.83,76.0
945,优,50.0,230.0,23.0,43.0,16.0,22.0,0.76,75.0
946,优,46.0,190.0,14.0,38.0,17.0,21.0,0.65,79.0
947,优,44.0,146.0,15.0,42.0,19.0,24.0,0.72,54.0
948,优,38.0,90.0,16.0,38.0,14.0,26.0,0.77,44.0
949,良,51.0,201.0,17.0,42.0,15.0,21.0,0.74,81.0
950,良,51.0,177.0,16.0,40.0,15.0,26.0,0.76,71.0
951,优,45.0,156.0,11.0,33.0,14.0,20.0,0.68,83.0
952,良,73.0,323.0,24.0,52.0,18.0,25.0,0.76,113.0
953,轻度污染,101.0,363.0,37.0,70.0,17.0,29.0,0.79,137.0
954,良,87.0,346.0,33.0,73.0,18.0,33.0,0.91,103.0
955,良,75.0,299.0,30.0,65.0,15.0,28.0,0.89,100.0
956,良,85.0,326.0,29.0,65.0,14.0,26.0,0.82,119.0
957,良,86.0,352.0,37.0,77.0,16.0,38.0,0.86,119.0
958,良,81.0,344.0,49.0,92.0,17.0,41.0,1.05,92.0
959,良,70.0,280.0,49.0,69.0,9.0,26.0,1.28,74.0
960,良,62.0,216.0,35.0,60.0,14.0,33.0,0.92,73.0
961,良,68.0,238.0,27.0,53.0,11.0,27.0,0.75,98.0
962,良,91.0,316.0,20.0,54.0,16.0,29.0,0.8,131.0
963,轻度污染,116.0,359.0,31.0,65.0,17.0,28.0,0.88,156.0
964,优,47.0,193.0,17.0,43.0,9.0,19.0,0.64,68.0
965,良,66.0,315.0,18.0,52.0,17.0,27.0,0.8,111.0
966,良,80.0,321.0,24.0,58.0,17.0,31.0,0.8,123.0
967,良,69.0,244.0,20.0,53.0,12.0,41.0,0.84,94.0
968,良,62.0,182.0,17.0,46.0,15.0,42.0,0.76,93.0
969,良,90.0,303.0,25.0,69.0,14.0,49.0,0.79,113.0
970,轻度污染,101.0,350.0,50.0,97.0,20.0,34.0,1.14,143.0
971,轻度污染,109.0,353.0,48.0,93.0,16.0,40.0,0.9,139.0
972,轻度污染,105.0,322.0,45.0,95.0,16.0,44.0,0.9,138.0
973,良,94.0,304.0,43.0,92.0,16.0,40.0,0.89,132.0
974,轻度污染,115.0,340.0,54.0,107.0,23.0,47.0,1.14,141.0
975,良,64.0,219.0,31.0,57.0,10.0,25.0,0.75,103.0
976,良,55.0,186.0,20.0,33.0,8.0,22.0,0.75,105.0
977,良,81.0,284.0,39.0,69.0,12.0,43.0,0.94,111.0
978,轻度污染,110.0,336.0,58.0,102.0,13.0,46.0,0.93,142.0
979,良,97.0,347.0,55.0,99.0,18.0,42.0,0.9,127.0
980,良,72.0,278.0,40.0,75.0,14.0,33.0,0.73,89.0
981,良,89.0,329.0,38.0,74.0,16.0,41.0,0.95,121.0
982,良,100.0,338.0,48.0,94.0,16.0,42.0,0.96,119.0
983,良,64.0,205.0,35.0,70.0,15.0,35.0,0.93,78.0
984,优,32.0,55.0,14.0,24.0,7.0,34.0,0.81,45.0
985,优,26.0,46.0,4.0,7.0,7.0,17.0,0.55,54.0
986,优,39.0,109.0,12.0,26.0,7.0,19.0,0.64,77.0
987,良,57.0,225.0,34.0,58.0,11.0,25.0,0.72,80.0
988,良,61.0,264.0,15.0,50.0,13.0,27.0,0.6,104.0
989,良,61.0,222.0,21.0,58.0,18.0,43.0,0.71,89.0
990,良,58.0,135.0,25.0,64.0,17.0,61.0,0.74,56.0
991,良,73.0,211.0,29.0,67.0,15.0,47.0,0.8,87.0
992,良,79.0,228.0,34.0,70.0,15.0,44.0,0.67,100.0
993,良,93.0,276.0,47.0,85.0,15.0,41.0,0.83,117.0
994,良,90.0,270.0,49.0,91.0,17.0,41.0,0.86,120.0
995,良,86.0,279.0,41.0,81.0,14.0,37.0,0.78,117.0
996,良,65.0,240.0,39.0,79.0,14.0,35.0,0.95,49.0
997,优,31.0,63.0,7.0,20.0,7.0,17.0,0.64,61.0
998,优,28.0,40.0,8.0,17.0,7.0,24.0,0.7,56.0
999,优,34.0,64.0,12.0,17.0,7.0,30.0,0.84,54.0
1000,优,27.0,14.0,13.0,25.0,9.0,37.0,1.23,17.0
1001,优,38.0,82.0,16.0,34.0,10.0,30.0,1.26,32.0
1002,优,36.0,53.0,12.0,25.0,8.0,26.0,0.78,68.0
1003,优,47.0,107.0,20.0,46.0,11.0,43.0,0.81,56.0
1004,良,90.0,341.0,61.0,97.0,13.0,37.0,1.13,101.0
1005,良,80.0,290.0,45.0,86.0,11.0,25.0,0.85,105.0
1006,优,32.0,20.0,9.0,20.0,9.0,35.0,0.94,56.0
1007,良,53.0,200.0,28.0,49.0,10.0,28.0,1.08,84.0
1008,优,44.0,141.0,11.0,42.0,11.0,29.0,0.82,76.0
1009,优,42.0,98.0,11.0,42.0,11.0,38.0,0.82,62.0
1010,良,54.0,169.0,22.0,56.0,14.0,52.0,1.03,42.0
1011,良,54.0,161.0,33.0,59.0,11.0,54.0,1.19,47.0
1012,良,64.0,203.0,40.0,73.0,13.0,59.0,1.15,41.0
1013,优,40.0,47.0,15.0,43.0,14.0,52.0,1.04,37.0
1014,优,40.0,64.0,16.0,37.0,9.0,39.0,1.03,51.0
1015,优,50.0,80.0,27.0,50.0,10.0,34.0,1.19,46.0
1016,良,54.0,117.0,36.0,60.0,11.0,38.0,1.1,67.0
1017,良,63.0,173.0,37.0,73.0,17.0,47.0,1.22,65.0
1018,良,71.0,193.0,50.0,82.0,13.0,42.0,1.3,52.0
1019,优,48.0,142.0,33.0,49.0,10.0,46.0,1.35,26.0
1020,优,25.0,23.0,8.0,13.0,8.0,33.0,0.92,42.0
1021,优,23.0,19.0,6.0,10.0,8.0,27.0,0.77,48.0
1022,优,30.0,63.0,17.0,27.0,7.0,25.0,0.93,44.0
1023,良,69.0,306.0,42.0,88.0,11.0,40.0,1.19,32.0
1024,优,39.0,89.0,22.0,40.0,10.0,38.0,1.1,27.0
1025,优,35.0,78.0,19.0,30.0,10.0,39.0,1.14,37.0
1026,优,35.0,79.0,16.0,26.0,9.0,36.0,0.99,48.0
1027,优,38.0,116.0,22.0,34.0,10.0,32.0,0.99,45.0
1028,优,36.0,114.0,21.0,34.0,9.0,37.0,0.97,42.0
1029,优,49.0,157.0,22.0,50.0,13.0,40.0,0.86,46.0
1030,优,31.0,28.0,18.0,28.0,8.0,39.0,0.88,36.0
1031,优,36.0,69.0,12.0,31.0,10.0,30.0,0.68,58.0
1032,良,51.0,130.0,19.0,55.0,18.0,47.0,1.02,47.0
1033,良,72.0,176.0,41.0,92.0,21.0,63.0,1.46,42.0
1034,良,76.0,160.0,46.0,98.0,23.0,68.0,1.41,36.0
1035,良,85.0,146.0,58.0,113.0,31.0,67.0,1.92,39.0
1036,轻度污染,112.0,219.0,84.0,148.0,32.0,73.0,1.72,68.0
1037,良,65.0,133.0,46.0,77.0,12.0,40.0,1.14,53.0
1038,优,40.0,105.0,21.0,37.0,7.0,21.0,0.69,60.0
1039,优,46.0,162.0,19.0,45.0,11.0,41.0,0.69,45.0
1040,良,51.0,136.0,24.0,53.0,12.0,35.0,0.96,57.0
1041,良,66.0,194.0,33.0,79.0,20.0,55.0,1.38,34.0
1042,良,89.0,237.0,59.0,124.0,27.0,69.0,1.73,21.0
1043,良,94.0,212.0,65.0,126.0,25.0,61.0,2.01,28.0
1044,轻度污染,121.0,261.0,88.0,163.0,26.0,66.0,2.02,55.0
1045,良,83.0,196.0,32.0,102.0,17.0,45.0,0.82,70.0
1046,良,57.0,89.0,17.0,61.0,16.0,41.0,0.89,53.0
1047,优,47.0,56.0,28.0,46.0,10.0,54.0,1.1,16.0
1048,良,51.0,51.0,32.0,56.0,12.0,50.0,1.51,15.0
1049,良,81.0,182.0,57.0,107.0,14.0,47.0,1.96,12.0
1050,良,51.0,105.0,34.0,54.0,9.0,37.0,1.28,24.0
1051,优,50.0,164.0,30.0,52.0,10.0,41.0,1.06,24.0
1052,优,32.0,75.0,12.0,19.0,7.0,21.0,0.75,51.0
1053,优,49.0,194.0,34.0,40.0,12.0,30.0,0.82,34.0
1054,良,92.0,275.0,68.0,95.0,26.0,58.0,1.25,27.0
1055,良,74.0,178.0,52.0,91.0,22.0,68.0,0.99,23.0
1056,良,67.0,152.0,46.0,65.0,15.0,43.0,0.95,44.0
1057,良,86.0,178.0,54.0,119.0,20.0,61.0,1.3,35.0
1058,良,98.0,230.0,55.0,144.0,22.0,66.0,1.18,33.0
1059,良,51.0,46.0,19.0,55.0,18.0,47.0,0.73,40.0
1060,良,67.0,102.0,40.0,81.0,17.0,53.0,0.9,38.0
1061,轻度污染,109.0,234.0,79.0,159.0,22.0,75.0,1.26,48.0
1062,良,83.0,157.0,49.0,109.0,23.0,66.0,0.89,58.0
1063,良,80.0,117.0,51.0,108.0,22.0,80.0,1.11,32.0
1064,轻度污染,110.0,199.0,80.0,150.0,26.0,75.0,1.5,53.0
1065,轻度污染,133.0,280.0,98.0,181.0,32.0,68.0,1.8,51.0
1066,良,91.0,202.0,65.0,121.0,20.0,55.0,1.22,43.0
1067,轻度污染,129.0,241.0,97.0,177.0,28.0,89.0,1.54,42.0
1068,中度污染,158.0,276.0,119.0,206.0,41.0,101.0,1.89,41.0
1069,轻度污染,113.0,219.0,78.0,143.0,24.0,56.0,1.14,66.0
1070,良,51.0,46.0,20.0,53.0,22.0,42.0,0.63,57.0
1071,良,51.0,44.0,22.0,55.0,18.0,41.0,0.69,67.0
1072,良,71.0,111.0,46.0,82.0,18.0,61.0,1.04,31.0
1073,优,43.0,42.0,29.0,44.0,12.0,38.0,0.85,33.0
1074,优,40.0,57.0,19.0,37.0,13.0,28.0,0.79,59.0
1075,良,75.0,176.0,51.0,83.0,21.0,53.0,1.09,57.0
1076,轻度污染,143.0,289.0,109.0,161.0,28.0,80.0,1.71,48.0
1077,轻度污染,131.0,238.0,99.0,151.0,25.0,80.0,1.46,47.0
1078,良,100.0,147.0,72.0,126.0,34.0,86.0,1.72,31.0
1079,轻度污染,123.0,160.0,91.0,165.0,42.0,106.0,1.99,32.0
1080,轻度污染,134.0,197.0,101.0,139.0,18.0,68.0,1.3,34.0
1081,优,35.0,6.0,21.0,30.0,10.0,42.0,1.07,43.0
1082,良,100.0,255.0,72.0,96.0,13.0,34.0,1.58,78.0
1083,轻度污染,114.0,273.0,85.0,130.0,19.0,59.0,1.7,50.0
1084,良,84.0,173.0,55.0,96.0,23.0,54.0,1.24,49.0
1085,优,38.0,42.0,20.0,35.0,14.0,49.0,1.01,40.0
1086,优,26.0,9.0,15.0,22.0,10.0,40.0,1.07,40.0
1087,良,56.0,168.0,36.0,52.0,15.0,37.0,1.1,49.0
1088,良,57.0,87.0,30.0,63.0,16.0,51.0,0.92,53.0
1089,良,95.0,224.0,68.0,112.0,21.0,69.0,1.34,48.0
1090,轻度污染,133.0,264.0,101.0,152.0,25.0,74.0,1.59,47.0
1091,中度污染,157.0,246.0,119.0,203.0,34.0,116.0,2.24,31.0
1092,中度污染,178.0,247.0,134.0,214.0,36.0,111.0,2.01,37.0
